CREATE TABLE DEPARTMENT
(
    DEPT_ID            NUMBER(18,0) PRIMARY KEY,
    DEPT_NAME          VARCHAR2(30) NOT NULL,
    DEPT_LOC           VARCHAR2(30) NOT NULL
);

INSERT INTO DEPARTMENT VALUES (1 ,'INV','Phase-1');
INSERT INTO DEPARTMENT VALUES (2 ,'WSH','Phase-1');
INSERT INTO DEPARTMENT VALUES (3 ,'RCV','Phase-1');
INSERT INTO DEPARTMENT VALUES (4 ,'MFG','Phase-2');
INSERT INTO DEPARTMENT VALUES (5 ,'PRC','Phase-2');
INSERT INTO DEPARTMENT VALUES (6 ,'CST','Phase-3');
INSERT INTO DEPARTMENT VALUES (7 ,'REL','Phase-3');
INSERT INTO DEPARTMENT VALUES (8 ,'DOO','Phase-4');
INSERT INTO DEPARTMENT VALUES (9 ,'VET','Bangalore');
INSERT INTO DEPARTMENT VALUES (10 ,'Redwing','Mumbai');

CREATE TABLE EMPLOYEE
(
      EMP_ID             NUMBER(18,0) PRIMARY KEY
    , EMP_NAME           VARCHAR2(30)
    , SALARY             NUMBER(10,2)
    , ADDRESS            VARCHAR2(50)
    , DOJ                DATE
    , DOB                DATE
    , DESIGNATION        VARCHAR2(50)
    , MGR_ID             NUMBER(18,0)
    , DEPT_ID            NUMBER(18,0) REFERENCES DEPARTMENT
    , GENDER             VARCHAR2(1)
);

INSERT INTO EMPLOYEE VALUES(1 ,'Abhinaw_Bhagat' , 70000 ,'Lingampally' ,'01-JUL-2013' ,'03-MAY-1988' ,'Senior Application Engineer' , 7 , 1 ,'M');

INSERT INTO EMPLOYEE VALUES(2 ,'Suresh' , 50000 ,'Kondapur' ,'03-Jul-2014' ,'01-JAN-1989' ,'Application Engineer' , 7 , 1 ,'M');

INSERT INTO EMPLOYEE VALUES(3 ,'Aarti' , 55000 ,'Noida' ,'01-JAN-1991' ,'24-MAR-2014' ,'Senior Application Engineer' , 7 , 1 ,'F');

INSERT INTO EMPLOYEE VALUES(4 ,'Naseer' , 90000 ,'Madinaguda' ,'01-JAN-1972' ,'02-FEB-2008' ,'Release' , 9 , 7 ,'M');

INSERT INTO EMPLOYEE VALUES(5 ,'Manish' , 90000 ,'Kondapur' ,'01-JAN-1990' ,'02-FEB-2013' ,'Release' , 4 , 7 ,'M');

INSERT INTO EMPLOYEE VALUES(6 ,'Kush' , 60000 ,'Miyapur' ,'01-JAN-1989' ,'10-JUN-2013' ,'Receiving' , 7 ,'1' ,'M');

INSERT INTO EMPLOYEE VALUES(7 ,'Govind' , 150000 ,'Chandanagar' ,'01-JAN-1972' ,'02-FEB-2002' ,'Manager' , 9 , 7 ,'M');

INSERT INTO EMPLOYEE VALUES(8 ,'Saket' , 140000 ,'Lingampally' ,'01-JAN-1972' ,'02-FEB-2008' ,'Project Lead' , 9 , 7 ,'M');

INSERT INTO EMPLOYEE VALUES(9 ,'Sekhar' , 200000 ,'Lingampally' ,'01-JAN-1965' ,'02-FEB-2008' ,'Director' , 9 , 7 ,'M');

INSERT INTO EMPLOYEE VALUES(10 ,'Rajitha' , 130000 ,'Lingampally' ,'01-JAN-1972' ,'02-FEB-2008' ,'Project Lead' , 9 , 3 ,'F');

INSERT INTO EMPLOYEE VALUES(11 ,'Phani' , 120000 ,'Lingampally' ,'01-JAN-1972' ,'02-FEB-2008' ,'Project Lead' , 9 , 3 ,'F');

ALTER TABLE EMPLOYEE ADD PHONE_NUMBER VARCHAR2(15);

CREATE TABLE SALARY
(
    LEVEL_NO INTEGER PRIMARY KEY,
    MIN_SAL  INTEGER NOT NULL,
    MAX_SAL  INTEGER NOT NULL
);

INSERT INTO SALARY VALUES(1, 10000, 50000);

INSERT INTO SALARY VALUES(2, 50001, 60000);

INSERT INTO SALARY VALUES(3, 60001, 70000);

INSERT INTO SALARY VALUES(4, 70001, 80000);

INSERT INTO SALARY VALUES(5, 80001, 90000);

INSERT INTO SALARY VALUES(6, 90001, 99000);